Reference ID,Smiles_Detected,Last_Location,Location_History,Timestamp,Node,Distance,ID,Sociability,Relaxed,Sociability Score,Relaxed Score
0,0,"((224, 219), (277, 272))","[((224, 219), (277, 272))]",2018-11-17 10:59:33,"(250.5, 245.5)",9.192388155425117,0.0,0.0,0.0,0.0,0.0
1,0,"((206, 213), (278, 285))","[((209, 219), (272, 282)), ((193, 211), (262, 280)), ((206, 213), (278, 285))]",2018-11-17 10:59:34,"(242.0, 249.0)",53.44623466625128,1.0,1.0,0.0,0.0,0.0
2,0,"((168, 198), (221, 251))","[((168, 198), (221, 251))]",2018-11-17 11:00:14,"(194.5, 224.5)",51.56064390598706,2.0,1.0,0.0,0.0,0.0
3,0,"((220, 196), (272, 248))","[((220, 196), (272, 248))]",2018-11-17 11:00:14,"(246.0, 222.0)",28.0178514522438,3.0,1.0,0.0,0.0,0.0
4,0,"((248, 195), (300, 247))","[((249, 194), (301, 246)), ((246, 194), (297, 245)), ((248, 195), (300, 247))]",2018-11-17 11:00:15,"(274.0, 221.0)",36.22154055254967,4.0,1.0,0.0,0.0,0.0
5,2,"((285, 192), (335, 242))","[((290, 194), (340, 244)), ((292, 193), (341, 242)), ((291, 194), (340, 243)), ((290, 193), (340, 243)), ((294, 192), (346, 244)), ((294, 193), (344, 243)), ((285, 192), (335, 242))]",2018-11-17 11:00:18,"(310.0, 217.0)",183.5551688185326,5.0,0.0,1.0,0.0,2.0
6,0,"((101, 187), (152, 238))","[((97, 186), (150, 239)), ((99, 186), (152, 239)), ((101, 187), (152, 238))]",2018-11-17 11:00:19,"(126.5, 212.5)",22.825424421026653,6.0,1.0,0.0,0.0,0.0
7,0,"((29, 84), (264, 319))","[((98, 183), (149, 234)), ((29, 84), (264, 319))]",2018-11-17 11:00:25,"(146.5, 201.5)",211.80769579975134,7.0,0.0,1.0,0.0,0.0
8,0,"((321, 189), (393, 261))","[((321, 189), (393, 261))]",2018-11-17 11:00:25,"(357.0, 225.0)",30.99193443462347,8.0,1.0,0.0,0.0,0.0
9,6,"((301, 194), (352, 245))","[((271, 197), (322, 248)), ((291, 195), (341, 245)), ((297, 194), (346, 243)), ((299, 194), (350, 245)), ((298, 194), (348, 244)), ((303, 194), (353, 244)), ((301, 195), (351, 245)), ((301, 195), (351, 245)), ((301, 194), (352, 245))]",2018-11-17 11:00:29,"(326.5, 219.5)",70.71421356417676,9.0,1.0,0.0,6.0,0.0
10,0,"((226, 195), (286, 255))","[((226, 195), (286, 255))]",2018-11-17 11:00:36,"(256.0, 225.0)",78.34858007647618,10.0,1.0,0.0,0.0,0.0
11,0,"((110, 145), (247, 282))","[((110, 145), (247, 282))]",2018-11-17 11:00:38,"(178.5, 213.5)",17.10263137648707,11.0,1.0,0.0,0.0,0.0
12,0,"((138, 185), (186, 233))","[((138, 185), (186, 233))]",2018-11-17 11:00:52,"(162.0, 209.0)",102.3132444994293,12.0,1.0,0.0,0.0,0.0
13,0,"((31, 188), (89, 246))","[((31, 188), (89, 246))]",2018-11-17 11:00:53,"(60.0, 217.0)",132.24220203853233,13.0,0.0,1.0,0.0,0.0
14,0,"((161, 194), (223, 256))","[((161, 194), (223, 256))]",2018-11-17 11:00:56,"(192.0, 225.0)",201.88734482379027,14.0,0.0,1.0,0.0,0.0
15,1,"((376, 195), (411, 230))","[((376, 195), (411, 230))]",2018-11-17 11:01:02,"(393.5, 212.5)",221.04411324439292,15.0,0.0,1.0,0.0,1.0
16,0,"((145, 169), (201, 225))","[((145, 169), (201, 225))]",2018-11-17 11:01:53,"(173.0, 197.0)",114.50982490598787,16.0,0.0,1.0,0.0,0.0
17,0,"((34, 171), (83, 220))","[((34, 171), (83, 220))]",2018-11-17 11:01:54,"(58.5, 195.5)",426.00469480981076,17.0,0.0,1.0,0.0,0.0
18,0,"((421, 134), (548, 261))","[((421, 134), (548, 261))]",2018-11-17 11:02:30,"(484.5, 197.5)",298.13839068459464,18.0,0.0,1.0,0.0,0.0
19,0,"((158, 188), (216, 246))","[((158, 188), (216, 246))]",2018-11-17 11:02:32,"(187.0, 217.0)",312.360368805007,19.0,0.0,1.0,0.0,0.0
20,0,"((470, 203), (528, 261))","[((470, 203), (528, 261))]",2018-11-17 11:02:59,"(499.0, 232.0)",89.00561780022652,20.0,1.0,0.0,0.0,0.0
21,0,"((547, 190), (629, 272))","[((547, 190), (629, 272))]",2018-11-17 11:03:01,"(588.0, 231.0)",302.5202472562787,21.0,0.0,1.0,0.0,0.0
22,0,"((250, 192), (321, 263))","[((248, 193), (317, 262)), ((252, 193), (321, 262)), ((250, 192), (321, 263))]",2018-11-17 11:03:04,"(285.5, 227.5)",8.602325267042627,22.0,1.0,0.0,0.0,0.0
23,0,"((255, 195), (306, 246))","[((262, 192), (314, 244)), ((255, 195), (306, 246))]",2018-11-17 11:03:29,"(280.5, 220.5)",43.57177985806869,23.0,1.0,0.0,0.0,0.0
24,0,"((298, 192), (350, 244))","[((283, 193), (331, 241)), ((298, 192), (350, 244))]",2018-11-17 11:03:30,"(324.0, 218.0)",60.67124524847005,24.0,1.0,0.0,0.0,0.0
25,0,"((222, 185), (306, 269))","[((274, 194), (327, 247)), ((222, 185), (306, 269))]",2018-11-17 11:03:32,"(264.0, 227.0)",143.7793448308901,25.0,0.0,1.0,0.0,0.0
26,1,"((302, 329), (355, 382))","[((302, 329), (355, 382))]",2018-11-17 11:03:37,"(328.5, 355.5)",142.43068489619785,26.0,0.0,1.0,0.0,1.0
27,0,"((359, 189), (453, 283))","[((359, 189), (453, 283))]",2018-11-17 11:03:57,"(406.0, 236.0)",68.06247130394253,27.0,1.0,0.0,0.0,0.0
28,0,"((445, 228), (498, 281))","[((445, 228), (498, 281))]",2018-11-17 11:05:11,"(471.5, 254.5)",115.42313459614584,28.0,0.0,1.0,0.0,0.0
29,0,"((403, 332), (467, 396))","[((403, 332), (467, 396))]",2018-11-17 11:05:15,"(435.0, 364.0)",225.72992712531496,29.0,0.0,1.0,0.0,0.0
30,0,"((231, 188), (293, 250))","[((197, 184), (266, 253)), ((209, 187), (276, 254)), ((231, 188), (293, 250))]",2018-11-17 11:05:23,"(262.0, 219.0)",51.24451190127583,30.0,1.0,0.0,0.0,0.0
31,0,"((281, 192), (345, 256))","[((286, 190), (343, 247)), ((281, 192), (345, 256))]",2018-11-17 11:05:26,"(313.0, 224.0)",202.76340892774513,31.0,0.0,1.0,0.0,0.0
32,0,"((80, 236), (152, 308))","[((80, 236), (152, 308))]",2018-11-17 11:06:28,"(116.0, 272.0)",61.6644143732834,32.0,1.0,0.0,0.0,0.0
33,0,"((140, 218), (209, 287))","[((140, 218), (209, 287))]",2018-11-17 11:06:28,"(174.5, 252.5)",150.68676119686162,33.0,0.0,1.0,0.0,0.0
35,0,"((274, 225), (322, 273))","[((304, 224), (347, 267)), ((278, 222), (328, 272)), ((263, 220), (313, 270)), ((269, 223), (319, 273)), ((274, 225), (322, 273))]",2018-11-17 11:06:32,"(298.0, 249.0)",2.0,34.0,1.0,0.0,0.0,0.0
36,0,"((277, 226), (319, 268))","[((277, 226), (319, 268))]",2018-11-17 11:06:36,"(298.0, 247.0)",12.041594578792296,36.0,1.0,0.0,0.0,0.0
37,5,"((284, 220), (336, 272))","[((283, 220), (333, 270)), ((286, 221), (336, 271)), ((287, 221), (337, 271)), ((287, 221), (337, 271)), ((286, 221), (336, 271)), ((284, 220), (336, 272))]",2018-11-17 11:06:38,"(310.0, 246.0)",125.89678312014172,37.0,0.0,1.0,0.0,0.0
38,0,"((165, 279), (281, 395))","[((175, 281), (291, 397)), ((165, 279), (281, 395))]",2018-11-17 11:06:47,"(223.0, 337.0)",42.290660907581,38.0,1.0,0.0,5.0,0.0
39,1,"((161, 254), (250, 343))","[((161, 254), (250, 343))]",2018-11-17 11:16:24,"(205.5, 298.5)",154.02921800749363,39.0,0.0,1.0,0.0,0.0
40,0,"((329, 237), (382, 290))","[((329, 237), (382, 290))]",2018-11-17 11:18:58,"(355.5, 263.5)",37.662979170532964,40.0,1.0,0.0,1.0,0.0
41,0,"((366, 233), (420, 287))","[((366, 233), (420, 287))]",2018-11-17 11:18:59,"(393.0, 260.0)",72.99315036357864,41.0,1.0,0.0,0.0,0.0
42,0,"((430, 237), (500, 307))","[((430, 237), (500, 307))]",2018-11-17 11:19:00,"(465.0, 272.0)",86.02615881230545,42.0,1.0,0.0,0.0,0.0
43,0,"((510, 241), (591, 322))","[((510, 241), (591, 322))]",2018-11-17 11:19:00,"(550.5, 281.5)",258.69866640553056,43.0,0.0,1.0,0.0,0.0
44,0,"((270, 200), (325, 255))","[((256, 198), (301, 243)), ((270, 200), (325, 255))]",2018-11-17 11:22:39,"(297.5, 227.5)",41.0,44.0,1.0,0.0,0.0,0.0
45,0,"((307, 188), (368, 249))","[((307, 188), (368, 249))]",2018-11-17 11:22:41,"(337.5, 218.5)",59.06352512337881,45.0,1.0,0.0,0.0,0.0
46,0,"((250, 202), (310, 262))","[((237, 215), (288, 266)), ((250, 202), (310, 262))]",2018-11-17 11:25:57,"(280.0, 232.0)",147.3787637348068,46.0,0.0,1.0,0.0,0.0
47,0,"((74, 211), (205, 342))","[((74, 211), (205, 342))]",2018-11-17 11:25:59,"(139.5, 276.5)",71.79484661171719,47.0,1.0,0.0,0.0,0.0
48,0,"((18, 252), (134, 368))","[((18, 252), (134, 368))]",2018-11-17 11:26:00,"(76.0, 310.0)",15.652475842498529,48.0,1.0,0.0,0.0,0.0
49,1,"((54, 295), (112, 353))","[((54, 295), (112, 353))]",2018-11-17 11:29:31,"(83.0, 324.0)",101.17806086301516,49.0,1.0,0.0,0.0,0.0
50,2,"((158, 304), (210, 356))","[((133, 303), (188, 358)), ((158, 304), (210, 356))]",2018-11-17 11:29:32,"(184.0, 330.0)",136.1800279042415,50.0,0.0,1.0,0.0,1.0
51,0,"((209, 166), (311, 268))","[((209, 166), (311, 268))]",2018-11-17 11:31:12,"(260.0, 217.0)",217.666028585078,51.0,0.0,1.0,0.0,2.0
52,0,"((17, 213), (70, 266))","[((17, 213), (70, 266))]",2018-11-17 11:39:46,"(43.5, 239.5)",569.3175739426986,52.0,0.0,1.0,0.0,0.0
53,0,"((541, 391), (619, 469))","[((541, 391), (619, 469))]",2018-11-17 11:40:19,"(580.0, 430.0)",371.53532806450585,53.0,0.0,1.0,0.0,0.0
54,1,"((243, 202), (294, 253))","[((243, 202), (294, 253))]",2018-11-17 11:48:31,"(268.5, 227.5)",43.502873468312416,54.0,1.0,0.0,0.0,0.0
55,1,"((282, 198), (342, 258))","[((282, 198), (342, 258))]",2018-11-17 11:48:32,"(312.0, 228.0)",194.51735141112732,55.0,0.0,1.0,0.0,1.0
56,1,"((323, 382), (393, 452))","[((502, 152), (561, 211)), ((323, 382), (393, 452))]",2018-11-17 11:48:32,"(358.0, 417.0)",296.56871041969345,56.0,0.0,1.0,0.0,1.0
57,1,"((598, 252), (632, 286))","[((598, 252), (632, 286))]",2018-11-17 11:48:47,"(615.0, 269.0)",336.59545451476316,57.0,0.0,1.0,0.0,1.0
58,0,"((255, 281), (306, 332))","[((255, 281), (306, 332))]",2018-11-17 11:51:38,"(280.5, 306.5)",132.25732493892352,58.0,0.0,1.0,0.0,1.0
59,0,"((360, 308), (449, 397))","[((360, 308), (449, 397))]",2018-11-17 11:57:46,"(404.5, 352.5)",219.18029108475972,59.0,0.0,1.0,0.0,0.0
60,0,"((160, 212), (253, 305))","[((160, 212), (253, 305))]",2018-11-17 11:58:03,"(206.5, 258.5)",79.9155804583812,60.0,1.0,0.0,0.0,0.0
61,0,"((168, 278), (284, 394))","[((168, 278), (284, 394))]",2018-11-17 12:00:09,"(226.0, 336.0)",250.9432206695371,61.0,0.0,1.0,0.0,0.0
62,0,"((444, 253), (497, 306))","[((444, 253), (497, 306))]",2018-11-17 12:00:20,"(470.5, 279.5)",268.6726632912251,62.0,0.0,1.0,0.0,0.0
63,1,"((158, 254), (247, 343))","[((158, 254), (247, 343))]",2018-11-17 12:04:19,"(202.5, 298.5)",280.6724069088374,63.0,0.0,1.0,0.0,0.0
64,0,"((461, 230), (496, 265))","[((461, 230), (496, 265))]",2018-11-17 12:04:44,"(478.5, 247.5)",44.553338819890925,64.0,1.0,0.0,1.0,0.0
65,0,"((505, 237), (540, 272))","[((505, 237), (540, 272))]",2018-11-17 12:04:45,"(522.5, 254.5)",49.25444142409901,65.0,1.0,0.0,0.0,0.0
66,1,"((549, 227), (594, 272))","[((549, 227), (594, 272))]",2018-11-17 12:04:46,"(571.5, 249.5)",22.47220505424423,66.0,1.0,0.0,0.0,0.0
67,0,"((554, 245), (605, 296))","[((554, 245), (605, 296))]",2018-11-17 12:04:47,"(579.5, 270.5)",375.43641272524434,67.0,0.0,1.0,0.0,1.0
68,1,"((158, 250), (252, 344))","[((158, 250), (252, 344))]",2018-11-17 12:07:03,"(205.0, 297.0)",48.87228253314961,68.0,1.0,0.0,0.0,0.0
69,0,"((197, 285), (286, 374))","[((197, 285), (286, 374))]",2018-11-17 12:08:24,"(241.5, 329.5)",54.023143188822324,69.0,1.0,0.0,1.0,0.0
70,0,"((163, 270), (227, 334))","[((163, 270), (227, 334))]",2018-11-17 12:11:07,"(195.0, 302.0)",8.276472678623424,70.0,1.0,0.0,0.0,0.0
71,3,"((158, 254), (247, 343))","[((161, 262), (238, 339)), ((161, 259), (243, 341)), ((158, 254), (247, 343))]",2018-11-17 12:11:09,"(202.5, 298.5)",147.7920836851555,71.0,0.0,1.0,0.0,0.0
72,0,"((16, 278), (96, 358))","[((16, 278), (96, 358))]",2018-11-17 12:13:00,"(56.0, 318.0)",146.8008855559121,72.0,0.0,1.0,0.0,3.0
73,1,"((157, 254), (246, 343))","[((157, 254), (246, 343))]",2018-11-17 12:14:02,"(201.5, 298.5)",1.5811388300841898,73.0,1.0,0.0,0.0,0.0
74,1,"((155, 251), (247, 343))","[((155, 251), (247, 343))]",2018-11-17 12:16:30,"(201.0, 297.0)",190.68298298484845,74.0,0.0,1.0,0.0,1.0
75,0,"((368, 236), (406, 274))","[((368, 236), (406, 274))]",2018-11-17 12:19:09,"(387.0, 255.0)",60.66712454039667,75.0,1.0,0.0,1.0,0.0
76,0,"((422, 225), (473, 276))","[((422, 225), (473, 276))]",2018-11-17 12:19:10,"(447.5, 250.5)",126.50889296804395,76.0,0.0,1.0,0.0,0.0
77,0,"((544, 219), (604, 279))","[((544, 219), (604, 279))]",2018-11-17 12:19:11,"(574.0, 249.0)",380.5686534647855,77.0,0.0,1.0,0.0,0.0
78,1,"((163, 270), (232, 339))","[((163, 270), (232, 339))]",2018-11-17 12:19:25,"(197.5, 304.5)",47.10095540432275,78.0,1.0,0.0,0.0,0.0
79,0,"((168, 284), (284, 400))","[((168, 281), (284, 397)), ((168, 284), (284, 400))]",2018-11-17 12:21:05,"(226.0, 342.0)",48.95406009719725,79.0,1.0,0.0,1.0,0.0
80,1,"((159, 262), (238, 341))","[((159, 262), (238, 341))]",2018-11-17 12:21:14,"(198.5, 301.5)",7.0710678118654755,80.0,1.0,0.0,0.0,0.0
81,0,"((177, 280), (230, 333))","[((177, 280), (230, 333))]",2018-11-17 12:21:32,"(203.5, 306.5)",0.7071067811865476,81.0,1.0,0.0,1.0,0.0
82,2,"((174, 276), (234, 336))","[((164, 270), (233, 339)), ((174, 276), (234, 336))]",2018-11-17 12:21:52,"(204.0, 306.0)",8.74642784226795,82.0,1.0,0.0,0.0,0.0
83,1,"((157, 247), (266, 356))","[((157, 247), (266, 356))]",2018-11-17 12:22:27,"(211.5, 301.5)",73.40640299047489,83.0,1.0,0.0,2.0,0.0
84,0,"((230, 219), (270, 259))","[((230, 219), (270, 259))]",2018-11-17 12:24:51,"(250.0, 239.0)",163.783393541592,84.0,0.0,1.0,0.0,1.0
85,0,"((69, 237), (105, 273))","[((69, 237), (105, 273))]",2018-11-17 12:24:51,"(87.0, 255.0)",220.5810508633958,85.0,0.0,1.0,0.0,0.0
86,0,"((282, 214), (332, 264))","[((282, 214), (332, 264))]",2018-11-17 12:24:52,"(307.0, 239.0)",266.1400007514842,86.0,0.0,1.0,0.0,0.0
87,0,"((17, 243), (68, 294))","[((32, 235), (81, 284)), ((17, 243), (68, 294))]",2018-11-17 12:24:52,"(42.5, 268.5)",312.2579062249665,87.0,0.0,1.0,0.0,0.0
88,0,"((324, 211), (383, 270))","[((324, 211), (383, 270))]",2018-11-17 12:24:54,"(353.5, 240.5)",180.76780686836912,88.0,0.0,1.0,0.0,0.0
89,1,"((472, 286), (553, 367))","[((472, 286), (553, 367))]",2018-11-17 12:24:57,"(512.5, 326.5)",350.051424793558,89.0,0.0,1.0,0.0,0.0
90,0,"((138, 296), (187, 345))","[((138, 296), (187, 345))]",2018-11-17 12:29:04,"(162.5, 320.5)",81.68537200747757,90.0,1.0,0.0,1.0,0.0
91,0,"((206, 256), (268, 318))","[((206, 256), (268, 318))]",2018-11-17 12:31:28,"(237.0, 287.0)",149.4071618096,91.0,0.0,1.0,0.0,0.0
92,0,"((70, 206), (125, 261))","[((102, 205), (151, 254)), ((88, 208), (141, 261)), ((70, 206), (125, 261))]",2018-11-17 12:34:00,"(97.5, 233.5)",50.695167422546305,92.0,1.0,0.0,0.0,0.0
93,0,"((58, 256), (111, 309))","[((69, 253), (122, 306)), ((58, 256), (111, 309))]",2018-11-17 12:34:04,"(84.5, 282.5)",153.18289721767243,93.0,0.0,1.0,0.0,0.0
94,0,"((210, 275), (263, 328))","[((210, 275), (263, 328))]",2018-11-17 12:34:53,"(236.5, 301.5)",171.04970037974343,94.0,0.0,1.0,0.0,0.0
95,0,"((386, 247), (421, 282))","[((386, 247), (421, 282))]",2018-11-17 12:35:30,"(403.5, 264.5)",35.30580688781946,95.0,1.0,0.0,0.0,0.0
96,0,"((349, 252), (389, 292))","[((349, 252), (389, 292))]",2018-11-17 12:35:31,"(369.0, 272.0)",93.98138113477584,96.0,1.0,0.0,0.0,0.0
97,1,"((438, 238), (487, 287))","[((446, 241), (481, 276)), ((432, 234), (468, 270)), ((438, 238), (487, 287))]",2018-11-17 12:35:32,"(462.5, 262.5)",104.00480758118829,97.0,1.0,0.0,0.0,0.0
98,1,"((549, 244), (584, 279))","[((549, 244), (584, 279))]",2018-11-17 12:35:32,"(566.5, 261.5)",229.96086623597503,98.0,0.0,1.0,0.0,1.0
99,0,"((313, 258), (362, 307))","[((313, 258), (362, 307))]",2018-11-17 12:35:32,"(337.5, 282.5)",266.3174797117155,99.0,0.0,1.0,0.0,1.0
100,1,"((586, 252), (621, 287))","[((586, 252), (621, 287))]",2018-11-17 12:35:34,"(603.5, 269.5)",293.33428030150174,100.0,0.0,1.0,0.0,0.0
101,0,"((284, 257), (337, 310))","[((284, 257), (337, 310))]",2018-11-17 12:35:34,"(310.5, 283.5)",51.19570294468082,101.0,1.0,0.0,1.0,0.0
102,0,"((231, 265), (290, 324))","[((231, 265), (290, 324))]",2018-11-17 12:35:36,"(260.5, 294.5)",226.5137964893088,102.0,0.0,1.0,0.0,0.0
103,1,"((449, 259), (525, 335))","[((449, 259), (525, 335))]",2018-11-17 12:35:37,"(487.0, 297.0)",206.07886839751427,103.0,0.0,1.0,0.0,0.0
104,0,"((266, 247), (301, 282))","[((271, 241), (302, 272)), ((266, 248), (300, 282)), ((266, 247), (301, 282))]",2018-11-17 12:38:13,"(283.5, 264.5)",86.70063436907483,104.0,1.0,0.0,1.0,0.0
105,0,"((268, 324), (321, 377))","[((268, 324), (321, 377))]",2018-11-17 12:38:13,"(294.5, 350.5)",91.95923009682062,105.0,1.0,0.0,0.0,0.0
106,0,"((220, 248), (270, 298))","[((220, 248), (270, 298))]",2018-11-17 12:38:17,"(245.0, 273.0)",67.30898899849856,106.0,1.0,0.0,0.0,0.0
107,0,"((285, 263), (336, 314))","[((285, 263), (336, 314))]",2018-11-17 12:38:20,"(310.5, 288.5)",44.972213643537714,107.0,1.0,0.0,0.0,0.0
108,0,"((237, 266), (295, 324))","[((237, 266), (295, 324))]",2018-11-17 12:38:21,"(266.0, 295.0)",111.83022847155415,108.0,1.0,0.0,0.0,0.0
109,0,"((140, 253), (174, 287))","[((140, 253), (174, 287))]",2018-11-17 12:38:27,"(157.0, 270.0)",71.449282711585,109.0,1.0,0.0,0.0,0.0
110,0,"((63, 255), (109, 301))","[((63, 255), (109, 301))]",2018-11-17 12:38:28,"(86.0, 278.0)",112.29425630903836,110.0,0.0,1.0,0.0,0.0
111,1,"((170, 226), (220, 276))","[((170, 226), (220, 276))]",2018-11-17 12:38:31,"(195.0, 251.0)",37.98025802966588,111.0,1.0,0.0,0.0,0.0
112,0,"((132, 214), (185, 267))","[((132, 214), (185, 267))]",2018-11-17 12:38:32,"(158.5, 240.5)",44.52527372178637,112.0,1.0,0.0,1.0,0.0
113,0,"((85, 213), (143, 271))","[((85, 213), (143, 271))]",2018-11-17 12:38:33,"(114.0, 242.0)",125.12593655993149,113.0,0.0,1.0,0.0,0.0
114,0,"((213, 204), (264, 255))","[((213, 204), (264, 255))]",2018-11-17 12:38:38,"(238.5, 229.5)",48.05205510693585,114.0,1.0,0.0,0.0,0.0
115,0,"((163, 211), (220, 268))","[((163, 211), (220, 268))]",2018-11-17 12:38:39,"(191.5, 239.5)",251.04780421266383,115.0,0.0,1.0,0.0,0.0
116,0,"((413, 252), (466, 305))","[((413, 252), (466, 305))]",2018-11-17 12:38:41,"(439.5, 278.5)",387.7350899776805,116.0,0.0,1.0,0.0,0.0
117,1,"((24, 264), (80, 320))","[((24, 264), (80, 320))]",2018-11-17 12:42:12,"(52.0, 292.0)",163.3064603743526,117.0,0.0,1.0,0.0,0.0
118,0,"((179, 266), (251, 338))","[((179, 266), (251, 338))]",2018-11-17 12:44:52,"(215.0, 302.0)",13.509256086106296,118.0,1.0,0.0,1.0,0.0
119,1,"((158, 258), (245, 345))","[((158, 258), (245, 345))]",2018-11-17 12:45:19,"(201.5, 301.5)",10.606601717798213,119.0,1.0,0.0,0.0,0.0
120,1,"((171, 262), (253, 344))","[((171, 262), (253, 344))]",2018-11-17 12:45:32,"(212.0, 303.0)",11.045361017187261,120.0,1.0,0.0,1.0,0.0
121,1,"((162, 265), (240, 343))","[((162, 265), (240, 343))]",2018-11-17 12:45:43,"(201.0, 304.0)",75.11657606680433,121.0,1.0,0.0,1.0,0.0
122,0,"((126, 222), (177, 273))","[((135, 223), (180, 268)), ((126, 222), (177, 273))]",2018-11-17 12:48:50,"(151.5, 247.5)",116.1077086157504,122.0,0.0,1.0,0.0,1.0
123,0,"((4, 211), (67, 274))","[((4, 211), (67, 274))]",2018-11-17 12:48:52,"(35.5, 242.5)",561.1171891860024,123.0,0.0,1.0,0.0,0.0
124,0,"((536, 339), (622, 425))","[((536, 339), (622, 425))]",2018-11-17 12:48:54,"(579.0, 382.0)",271.57779732518634,124.0,0.0,1.0,0.0,0.0
125,0,"((324, 230), (361, 267))","[((324, 230), (361, 267))]",2018-11-17 12:49:29,"(342.5, 248.5)",101.59970472398038,125.0,1.0,0.0,0.0,0.0
126,0,"((418, 218), (470, 270))","[((418, 218), (470, 270))]",2018-11-17 12:49:30,"(444.0, 244.0)",47.460509900337144,126.0,1.0,0.0,0.0,0.0
127,0,"((403, 262), (458, 317))","[((403, 262), (458, 317))]",2018-11-17 12:52:33,"(430.5, 289.5)",43.01162633521314,127.0,1.0,0.0,0.0,0.0
128,0,"((364, 267), (411, 314))","[((372, 267), (409, 304)), ((364, 267), (411, 314))]",2018-11-17 12:52:33,"(387.5, 290.5)",46.17358552246078,128.0,1.0,0.0,0.0,0.0
129,0,"((406, 279), (457, 330))","[((406, 279), (457, 330))]",2018-11-17 12:52:35,"(431.5, 304.5)",60.876925020897694,129.0,1.0,0.0,0.0,0.0
130,0,"((461, 290), (520, 349))","[((461, 290), (520, 349))]",2018-11-17 12:52:36,"(490.5, 319.5)",60.40695324215582,130.0,1.0,0.0,0.0,0.0
131,0,"((514, 290), (587, 363))","[((514, 290), (587, 363))]",2018-11-17 12:52:37,"(550.5, 326.5)",479.01200402495135,131.0,0.0,1.0,0.0,0.0
132,0,"((34, 197), (124, 287))","[((34, 197), (124, 287))]",2018-11-17 12:58:56,"(79.0, 242.0)",68.50182479321262,132.0,1.0,0.0,0.0,0.0
133,0,"((94, 188), (201, 295))","[((94, 188), (201, 295))]",2018-11-17 12:58:57,"(147.5, 241.5)",191.80198122021577,133.0,0.0,1.0,0.0,0.0
134,0,"((318, 262), (353, 297))","[((318, 262), (353, 297))]",2018-11-17 12:59:47,"(335.5, 279.5)",70.00714249274856,134.0,1.0,0.0,0.0,0.0
135,0,"((385, 258), (426, 299))","[((385, 258), (426, 299))]",2018-11-17 12:59:48,"(405.5, 278.5)",104.65419246260515,135.0,1.0,0.0,0.0,0.0
136,0,"((480, 265), (538, 323))","[((480, 265), (538, 323))]",2018-11-17 12:59:48,"(509.0, 294.0)",290.6286290096005,136.0,0.0,1.0,0.0,0.0
137,0,"((183, 295), (259, 371))","[((173, 266), (251, 344)), ((189, 256), (262, 329)), ((185, 274), (253, 342)), ((183, 295), (259, 371))]",2018-11-17 13:02:23,"(221.0, 333.0)",50.91659847240387,137.0,1.0,0.0,0.0,0.0
138,1,"((165, 348), (218, 401))","[((168, 333), (221, 386)), ((165, 348), (218, 401))]",2018-11-17 13:02:24,"(191.5, 374.5)",73.40640299047489,138.0,1.0,0.0,0.0,0.0
139,1,"((156, 255), (250, 349))","[((156, 255), (250, 349))]",2018-11-17 13:08:38,"(203.0, 302.0)",98.04335775563789,139.0,1.0,0.0,1.0,0.0
140,0,"((209, 183), (262, 236))","[((209, 183), (262, 236))]",2018-11-17 13:13:02,"(235.5, 209.5)",173.87639287723908,140.0,0.0,1.0,0.0,1.0
141,0,"((317, 312), (378, 373))","[((317, 312), (378, 373))]",2018-11-17 13:24:13,"(347.5, 342.5)",149.164338901763,141.0,0.0,1.0,0.0,0.0
142,1,"((175, 280), (230, 335))","[((175, 280), (230, 335))]",2018-11-17 13:28:40,"(202.5, 307.5)",14.866068747318506,142.0,1.0,0.0,0.0,0.0
143,1,"((162, 286), (215, 339))","[((162, 286), (215, 339))]",2018-11-17 13:33:40,"(188.5, 312.5)",132.5028301584536,143.0,0.0,1.0,0.0,1.0
144,1,"((283, 340), (336, 393))","[((283, 340), (336, 393))]",2018-11-17 13:40:52,"(309.5, 366.5)",157.1146078504478,144.0,0.0,1.0,0.0,1.0
145,0,"((432, 326), (501, 395))","[((432, 326), (501, 395))]",2018-11-17 13:40:56,"(466.5, 360.5)",85.41955279676895,145.0,1.0,0.0,1.0,0.0
146,0,"((339, 305), (425, 391))","[((339, 305), (425, 391))]",2018-11-17 13:42:59,"(382.0, 348.0)",188.45158529447292,146.0,0.0,1.0,0.0,0.0
147,1,"((163, 267), (235, 339))","[((163, 267), (235, 339))]",2018-11-17 13:44:16,"(199.0, 303.0)",9.513148795220223,147.0,1.0,0.0,0.0,0.0
148,0,"((159, 272), (220, 333))","[((159, 272), (220, 333))]",2018-11-17 13:45:35,"(189.5, 302.5)",13.601470508735444,148.0,1.0,0.0,1.0,0.0
149,1,"((158, 254), (247, 343))","[((158, 254), (247, 343))]",2018-11-17 13:47:14,"(202.5, 298.5)",5.0990195135927845,149.0,1.0,0.0,0.0,0.0
150,1,"((163, 255), (252, 344))","[((163, 255), (252, 344))]",2018-11-17 13:47:16,"(207.5, 299.5)",332.3379304262455,150.0,0.0,1.0,0.0,1.0
151,0,"((518, 226), (552, 260))","[((518, 226), (552, 260))]",2018-11-17 13:47:45,"(535.0, 243.0)",178.36058981736969,151.0,0.0,1.0,0.0,1.0
152,0,"((378, 338), (429, 389))","[((378, 338), (429, 389))]",2018-11-17 13:47:45,"(403.5, 363.5)",196.38991827484423,152.0,0.0,1.0,0.0,0.0
153,2,"((181, 268), (252, 339))","[((179, 267), (254, 342)), ((181, 268), (252, 339))]",2018-11-17 13:47:55,"(216.5, 303.5)",2.9154759474226504,153.0,1.0,0.0,0.0,0.0
154,1,"((183, 266), (255, 338))","[((183, 266), (255, 338))]",2018-11-17 13:47:57,"(219.0, 302.0)",22.090722034374522,154.0,1.0,0.0,2.0,0.0
155,1,"((210, 269), (272, 331))","[((210, 269), (272, 331))]",2018-11-17 13:48:00,"(241.0, 300.0)",43.502873468312416,155.0,1.0,0.0,1.0,0.0
156,1,"((158, 261), (237, 340))","[((158, 261), (237, 340))]",2018-11-17 13:48:43,"(197.5, 300.5)",8.631338250816034,156.0,1.0,0.0,1.0,0.0
157,2,"((158, 251), (254, 347))","[((160, 252), (252, 344)), ((158, 251), (254, 347))]",2018-11-17 13:48:53,"(206.0, 299.0)",36.53080891521566,157.0,1.0,0.0,1.0,0.0
158,1,"((208, 266), (277, 335))","[((208, 266), (277, 335))]",2018-11-17 13:49:59,"(242.5, 300.5)",56.00892785976178,158.0,1.0,0.0,2.0,0.0
159,0,"((160, 275), (213, 328))","[((160, 275), (213, 328))]",2018-11-17 13:51:13,"(186.5, 301.5)",154.02921800749363,159.0,0.0,1.0,0.0,1.0
160,1,"((320, 250), (353, 283))","[((320, 250), (353, 283))]",2018-11-17 13:51:31,"(336.5, 266.5)",67.54628043053148,160.0,1.0,0.0,0.0,0.0
161,1,"((387, 252), (421, 286))","[((387, 252), (421, 286))]",2018-11-17 13:51:32,"(404.0, 269.0)",41.6473288459176,161.0,1.0,0.0,1.0,0.0
162,1,"((427, 254), (464, 291))","[((427, 254), (464, 291))]",2018-11-17 13:51:33,"(445.5, 272.5)",110.00227270379463,162.0,1.0,0.0,1.0,0.0
163,1,"((313, 239), (359, 285))","[((313, 239), (359, 285))]",2018-11-17 13:51:34,"(336.0, 262.0)",148.21605850919124,163.0,0.0,1.0,0.0,1.0
164,1,"((463, 249), (505, 291))","[((463, 249), (505, 291))]",2018-11-17 13:51:34,"(484.0, 270.0)",124.57929201917949,164.0,0.0,1.0,0.0,1.0
165,1,"((582, 256), (634, 308))","[((582, 256), (634, 308))]",2018-11-17 13:51:35,"(608.0, 282.0)",137.2953021774598,165.0,0.0,1.0,0.0,1.0
167,0,"((516, 375), (574, 433))","[((516, 375), (574, 433))]",2018-11-17 13:52:12,"(545.0, 404.0)",2.0,166.0,1.0,0.0,1.0,0.0
168,0,"((516, 373), (578, 435))","[((516, 373), (578, 435))]",2018-11-17 13:52:14,"(547.0, 404.0)",157.95094175091202,168.0,0.0,1.0,0.0,0.0
169,0,"((444, 257), (475, 288))","[((444, 257), (475, 288))]",2018-11-17 13:52:16,"(459.5, 272.5)",100.4116527102308,169.0,1.0,0.0,0.0,0.0
170,0,"((542, 242), (576, 276))","[((542, 242), (576, 276))]",2018-11-17 13:52:16,"(559.0, 259.0)",47.460509900337144,170.0,1.0,0.0,0.0,0.0
171,0,"((495, 251), (530, 286))","[((495, 251), (530, 286))]",2018-11-17 13:52:16,"(512.5, 268.5)",86.7438758645243,171.0,1.0,0.0,0.0,0.0
172,0,"((580, 243), (618, 281))","[((580, 243), (618, 281))]",2018-11-17 13:52:18,"(599.0, 262.0)",50.695167422546305,172.0,1.0,0.0,0.0,0.0
173,0,"((533, 258), (567, 292))","[((533, 258), (567, 292))]",2018-11-17 13:52:18,"(550.0, 275.0)",136.0091908659117,173.0,0.0,1.0,0.0,0.0
174,0,"((411, 322), (454, 365))","[((411, 322), (454, 365))]",2018-11-17 13:53:04,"(432.5, 343.5)",46.09772228646444,174.0,1.0,0.0,0.0,0.0
175,0,"((454, 322), (503, 371))","[((454, 322), (503, 371))]",2018-11-17 13:53:05,"(478.5, 346.5)",49.8196748283246,175.0,1.0,0.0,0.0,0.0
176,0,"((501, 329), (554, 382))","[((501, 329), (554, 382))]",2018-11-17 13:53:06,"(527.5, 355.5)",56.890245209526036,176.0,1.0,0.0,0.0,0.0
178,0,"((537, 386), (595, 444))","[((537, 386), (595, 444))]",2018-11-17 13:53:10,"(566.0, 415.0)",4.47213595499958,177.0,1.0,0.0,0.0,0.0
179,0,"((525, 380), (603, 458))","[((525, 380), (603, 458))]",2018-11-17 13:53:15,"(564.0, 419.0)",139.0898989862312,179.0,0.0,1.0,0.0,0.0
180,1,"((533, 254), (585, 306))","[((533, 254), (585, 306))]",2018-11-17 13:53:52,"(559.0, 280.0)",400.9519921387098,180.0,0.0,1.0,0.0,0.0
181,0,"((118, 184), (205, 271))","[((138, 182), (219, 263)), ((118, 184), (205, 271))]",2018-11-17 13:54:01,"(161.5, 227.5)",43.18564576337837,181.0,1.0,0.0,0.0,0.0
182,0,"((59, 164), (178, 283))","[((59, 164), (178, 283))]",2018-11-17 13:54:15,"(118.5, 223.5)",61.18823416311342,182.0,1.0,0.0,0.0,0.0
183,0,"((27, 204), (90, 267))","[((35, 201), (93, 259)), ((27, 204), (90, 267))]",2018-11-17 13:54:31,"(58.5, 235.5)",10.124228365658293,183.0,1.0,0.0,1.0,0.0
184,0,"((8, 188), (92, 272))","[((8, 188), (92, 272))]",2018-11-17 13:54:33,"(50.0, 230.0)",123.1361035602475,184.0,0.0,1.0,0.0,0.0
185,0,"((128, 173), (217, 262))","[((128, 173), (217, 262))]",2018-11-17 13:54:34,"(172.5, 217.5)",88.29496021857646,185.0,1.0,0.0,0.0,0.0
186,0,"((160, 271), (225, 336))","[((160, 271), (225, 336))]",2018-11-17 13:55:22,"(192.5, 303.5)",57.51956188984753,186.0,1.0,0.0,0.0,0.0
187,0,"((217, 269), (283, 335))","[((217, 269), (283, 335))]",2018-11-17 13:55:31,"(250.0, 302.0)",147.21582795338279,187.0,0.0,1.0,0.0,0.0
188,0,"((50, 234), (157, 341))","[((50, 234), (157, 341))]",2018-11-17 13:55:45,"(103.5, 287.5)",185.09727172489605,188.0,0.0,1.0,0.0,0.0
189,0,"((265, 258), (312, 305))","[((274, 260), (313, 299)), ((265, 258), (312, 305))]",2018-11-17 13:55:48,"(288.5, 281.5)",62.36184731067546,189.0,1.0,0.0,0.0,0.0
190,0,"((200, 270), (257, 327))","[((237, 262), (286, 311)), ((223, 260), (272, 309)), ((228, 266), (279, 317)), ((200, 270), (257, 327))]",2018-11-17 13:55:50,"(228.5, 298.5)",155.92947123619703,190.0,0.0,1.0,0.0,0.0
191,0,"((39, 281), (108, 350))","[((39, 281), (108, 350))]",2018-11-17 13:55:54,"(73.5, 315.5)",84.48076704197234,191.0,1.0,0.0,0.0,0.0
192,0,"((40, 189), (125, 274))","[((40, 189), (125, 274))]",2018-11-17 13:57:18,"(82.5, 231.5)",119.33985084622823,192.0,0.0,1.0,0.0,0.0
193,0,"((157, 196), (246, 285))","[((157, 196), (246, 285))]",2018-11-17 13:57:19,"(201.5, 240.5)",390.00512817141265,193.0,0.0,1.0,0.0,0.0
194,0,"((565, 216), (618, 269))","[((565, 216), (618, 269))]",2018-11-17 13:58:32,"(591.5, 242.5)",500.0639959045242,194.0,0.0,1.0,0.0,0.0
195,0,"((66, 209), (117, 260))","[((66, 209), (117, 260))]",2018-11-17 13:59:14,"(91.5, 234.5)",11.423659658795863,195.0,1.0,0.0,0.0,0.0
196,0,"((76, 204), (128, 256))","[((76, 204), (128, 256))]",2018-11-17 13:59:16,"(102.0, 230.0)",158.0,196.0,0.0,1.0,0.0,0.0
197,0,"((232, 202), (288, 258))","[((232, 202), (288, 258))]",2018-11-17 13:59:17,"(260.0, 230.0)",101.1162697096763,197.0,1.0,0.0,0.0,0.0
198,0,"((152, 265), (225, 338))","[((152, 265), (225, 338))]",2018-11-17 14:00:53,"(188.5, 301.5)",52.52142420003479,198.0,1.0,0.0,0.0,0.0
199,0,"((213, 272), (269, 328))","[((213, 272), (269, 328))]",2018-11-17 14:01:17,"(241.0, 300.0)",42.64387412044079,199.0,1.0,0.0,0.0,0.0
200,1,"((164, 269), (233, 338))","[((164, 269), (233, 338))]",2018-11-17 14:02:23,"(198.5, 303.5)",3.5355339059327378,200.0,1.0,0.0,0.0,0.0
201,1,"((159, 268), (231, 340))","[((159, 268), (231, 340))]",2018-11-17 14:02:25,"(195.0, 304.0)",8.276472678623424,201.0,1.0,0.0,0.0,0.0
202,1,"((159, 257), (246, 344))","[((159, 257), (246, 344))]",2018-11-17 14:04:43,"(202.5, 300.5)",400.5152930912876,202.0,0.0,1.0,0.0,0.0
203,1,"((577, 247), (627, 297))","[((577, 247), (627, 297))]",2018-11-17 14:08:44,"(602.0, 272.0)",207.33788848157974,203.0,0.0,1.0,0.0,1.0
204,0,"((369, 312), (455, 398))","[((369, 312), (455, 398))]",2018-11-17 14:09:23,"(412.0, 355.0)",202.95442838233416,204.0,0.0,1.0,0.0,1.0
206,0,"((179, 265), (248, 334))","[((179, 265), (248, 334))]",2018-11-17 14:10:33,"(213.5, 299.5)",4.242640687119285,205.0,1.0,0.0,1.0,0.0
207,1,"((176, 268), (245, 337))","[((176, 268), (245, 337))]",2018-11-17 14:10:34,"(210.5, 302.5)",365.0342449688796,207.0,0.0,1.0,0.0,1.0
208,0,"((552, 274), (599, 321))","[((552, 274), (599, 321))]",2018-11-17 14:11:00,"(575.5, 297.5)",379.0211075916485,208.0,0.0,1.0,0.0,0.0
209,1,"((157, 262), (236, 341))","[((157, 262), (236, 341))]",2018-11-17 14:11:51,"(196.5, 301.5)",123.30855606972291,209.0,0.0,1.0,0.0,0.0
210,0,"((276, 212), (329, 265))","[((259, 222), (305, 268)), ((276, 212), (329, 265))]",2018-11-17 14:13:14,"(302.5, 238.5)",56.22277118748239,210.0,1.0,0.0,0.0,0.0
211,0,"((329, 204), (388, 263))","[((329, 204), (388, 263))]",2018-11-17 14:13:16,"(358.5, 233.5)",70.21395872616783,211.0,1.0,0.0,1.0,0.0
212,0,"((389, 208), (466, 285))","[((389, 208), (466, 285))]",2018-11-17 14:13:17,"(427.5, 246.5)",244.87241575971763,212.0,0.0,1.0,0.0,0.0
213,0,"((160, 273), (218, 331))","[((162, 270), (229, 337)), ((159, 272), (222, 335)), ((160, 273), (218, 331))]",2018-11-17 14:15:17,"(189.0, 302.0)",50.0,213.0,1.0,0.0,1.0,0.0
214,0,"((207, 270), (271, 334))","[((207, 270), (271, 334))]",2018-11-17 14:16:44,"(239.0, 302.0)",210.7368026710095,214.0,0.0,1.0,0.0,0.0
215,0,"((11, 256), (49, 294))","[((11, 256), (49, 294))]",2018-11-17 14:19:37,"(30.0, 275.0)",503.7385234424701,215.0,0.0,1.0,0.0,0.0
216,0,"((510, 267), (557, 314))","[((510, 267), (557, 314))]",2018-11-17 14:23:15,"(533.5, 290.5)",78.10249675906654,216.0,1.0,0.0,0.0,0.0
217,0,"((564, 311), (623, 370))","[((564, 311), (623, 370))]",2018-11-17 14:23:16,"(593.5, 340.5)",399.01002493671757,217.0,0.0,1.0,0.0,0.0
218,1,"((157, 261), (236, 340))","[((161, 271), (223, 333)), ((157, 261), (236, 340))]",2018-11-17 14:23:26,"(196.5, 300.5)",126.66688596472244,218.0,0.0,1.0,0.0,0.0
219,0,"((34, 271), (106, 343))","[((34, 271), (106, 343))]",2018-11-17 14:23:46,"(70.0, 307.0)",127.66557875950745,219.0,0.0,1.0,0.0,0.0
221,1,"((156, 254), (245, 343))","[((156, 254), (245, 343))]",2018-11-17 14:25:57,"(200.5, 298.5)",1.0,220.0,1.0,0.0,0.0,0.0
222,1,"((156, 253), (245, 342))","[((156, 253), (245, 342))]",2018-11-17 14:26:11,"(200.5, 297.5)",1.0,222.0,1.0,0.0,0.0,0.0
223,3,"((156, 254), (245, 343))","[((155, 252), (248, 345)), ((156, 254), (245, 343)), ((156, 254), (245, 343))]",2018-11-17 14:26:12,"(200.5, 298.5)",103.46496991735899,223.0,1.0,0.0,1.0,0.0
224,1,"((64, 223), (143, 302))","[((64, 223), (143, 302))]",2018-11-17 14:26:25,"(103.5, 262.5)",323.5003863985328,224.0,0.0,1.0,0.0,0.0
225,1,"((410, 245), (444, 279))","[((410, 245), (444, 279))]",2018-11-17 14:26:43,"(427.0, 262.0)",219.80445855350615,225.0,0.0,1.0,0.0,2.0
226,1,"((159, 246), (261, 348))","[((159, 246), (261, 348))]",2018-11-17 14:30:49,"(210.0, 297.0)",12.747548783981962,226.0,1.0,0.0,0.0,0.0
227,0,"((187, 268), (256, 337))","[((186, 268), (255, 337)), ((186, 269), (255, 338)), ((189, 269), (256, 336)), ((187, 268), (256, 337))]",2018-11-17 14:30:52,"(221.5, 302.5)",98.93684854491778,227.0,1.0,0.0,1.0,0.0
228,0,"((115, 212), (173, 270))","[((115, 212), (173, 270))]",2018-11-17 14:31:58,"(144.0, 241.0)",42.005951959216446,228.0,1.0,0.0,3.0,0.0
229,0,"((67, 199), (138, 270))","[((67, 199), (138, 270))]",2018-11-17 14:31:59,"(102.5, 234.5)",122.80268726701382,229.0,0.0,1.0,0.0,1.0
230,2,"((161, 253), (253, 345))","[((158, 248), (260, 350)), ((161, 253), (253, 345))]",2018-11-17 14:35:55,"(207.0, 299.0)",10.124228365658293,230.0,1.0,0.0,1.0,0.0
231,1,"((160, 265), (235, 340))","[((160, 265), (235, 340))]",2018-11-17 14:37:27,"(197.5, 302.5)",4.949747468305833,231.0,1.0,0.0,1.0,0.0
232,3,"((153, 258), (235, 340))","[((153, 257), (239, 343)), ((151, 258), (235, 342)), ((153, 258), (235, 340))]",2018-11-17 14:39:01,"(194.0, 299.0)",1.5811388300841898,232.0,1.0,0.0,0.0,0.0
233,1,"((152, 259), (235, 342))","[((152, 259), (235, 342))]",2018-11-17 14:39:25,"(193.5, 300.5)",67.91538853603062,233.0,1.0,0.0,0.0,0.0
234,0,"((97, 264), (155, 322))","[((97, 264), (155, 322))]",2018-11-17 14:42:18,"(126.0, 293.0)",42.573465914816005,234.0,1.0,0.0,0.0,0.0
235,0,"((88, 223), (145, 280))","[((88, 223), (145, 280))]",2018-11-17 14:42:38,"(116.5, 251.5)",102.88342918079665,235.0,1.0,0.0,2.0,0.0
236,1,"((163, 255), (252, 344))","[((163, 255), (252, 344))]",2018-11-17 14:44:00,"(207.5, 299.5)",3.8078865529319543,236.0,1.0,0.0,1.0,0.0
239,1,"((158, 255), (252, 349))","[((158, 255), (252, 349))]",2018-11-17 14:44:52,"(205.0, 302.0)",3.605551275463989,237.0,1.0,0.0,3.0,0.0
244,1,"((155, 252), (249, 346))","[((155, 252), (249, 346))]",2018-11-17 14:45:17,"(202.0, 299.0)",2.5495097567963922,240.0,1.0,0.0,1.0,0.0
245,3,"((155, 255), (244, 344))","[((154, 254), (249, 349)), ((153, 253), (245, 345)), ((155, 255), (244, 344))]",2018-11-17 14:45:32,"(199.5, 299.5)",226.13491548188662,245.0,0.0,1.0,0.0,0.0
246,0,"((379, 224), (468, 313))","[((379, 224), (468, 313))]",2018-11-17 14:45:34,"(423.5, 268.5)",225.8506143449692,246.0,0.0,1.0,0.0,0.0
247,2,"((154, 255), (246, 347))","[((153, 254), (247, 348)), ((154, 255), (246, 347))]",2018-11-17 14:46:16,"(200.0, 301.0)",3.0,247.0,1.0,0.0,1.0,0.0
248,4,"((154, 258), (240, 344))","[((155, 256), (244, 345)), ((158, 256), (247, 345)), ((155, 255), (244, 344)), ((154, 258), (240, 344))]",2018-11-17 14:46:38,"(197.0, 301.0)",4.123105625617661,248.0,1.0,0.0,3.0,0.0
249,7,"((153, 254), (249, 350))","[((158, 257), (247, 346)), ((155, 255), (253, 353)), ((155, 256), (249, 350)), ((153, 256), (249, 352)), ((153, 254), (251, 352)), ((153, 254), (251, 352)), ((153, 254), (249, 350))]",2018-11-17 14:47:15,"(201.0, 302.0)",2.9154759474226504,249.0,1.0,0.0,0.0,0.0
250,1,"((158, 258), (241, 341))","[((158, 258), (241, 341))]",2018-11-17 14:48:01,"(199.5, 299.5)",54.207932998777956,250.0,1.0,0.0,0.0,0.0
251,1,"((129, 268), (165, 304))","[((129, 268), (165, 304))]",2018-11-17 14:48:04,"(147.0, 286.0)",393.10303992719264,251.0,0.0,1.0,0.0,5.0
252,1,"((513, 250), (567, 304))","[((513, 250), (567, 304))]",2018-11-17 14:48:06,"(540.0, 277.0)",46.09772228646444,252.0,1.0,0.0,0.0,0.0
254,5,"((155, 257), (244, 346))","[((153, 253), (248, 348)), ((153, 251), (254, 352)), ((150, 250), (252, 352)), ((153, 253), (249, 349)), ((155, 257), (244, 346))]",2018-11-17 14:48:11,"(199.5, 301.5)",4.123105625617661,253.0,1.0,0.0,0.0,0.0
255,1,"((153, 250), (254, 351))","[((153, 250), (254, 351))]",2018-11-17 14:48:21,"(203.5, 300.5)",0.0,255.0,1.0,0.0,0.0,0.0
256,1,"((159, 256), (248, 345))","[((159, 256), (248, 345))]",2018-11-17 14:48:32,"(203.5, 300.5)",6.519202405202649,256.0,1.0,0.0,0.0,0.0
257,1,"((147, 251), (247, 351))","[((147, 251), (247, 351))]",2018-11-17 14:49:22,"(197.0, 301.0)",1.5811388300841898,257.0,1.0,0.0,3.0,0.0
258,2,"((153, 255), (242, 344))","[((155, 256), (244, 345)), ((153, 255), (242, 344))]",2018-11-17 14:49:49,"(197.5, 299.5)",69.33974329343886,258.0,1.0,0.0,0.0,0.0
259,0,"((214, 220), (257, 263))","[((214, 220), (257, 263))]",2018-11-17 14:49:52,"(235.5, 241.5)",68.28250141873832,259.0,1.0,0.0,2.0,0.0
260,1,"((155, 254), (249, 348))","[((155, 254), (249, 348))]",2018-11-17 14:50:10,"(202.0, 301.0)",2.23606797749979,260.0,1.0,0.0,4.0,0.0
261,5,"((150, 248), (258, 356))","[((151, 252), (251, 352)), ((151, 252), (253, 354)), ((152, 254), (250, 352)), ((150, 252), (252, 354)), ((150, 248), (258, 356))]",2018-11-17 14:50:37,"(204.0, 302.0)",180.54362353736008,261.0,0.0,1.0,0.0,7.0
262,0,"((359, 263), (409, 313))","[((359, 262), (393, 296)), ((359, 263), (409, 313))]",2018-11-17 14:51:16,"(384.0, 288.0)",30.4138126514911,262.0,1.0,0.0,1.0,0.0
263,0,"((386, 265), (442, 321))","[((386, 265), (442, 321))]",2018-11-17 14:51:18,"(414.0, 293.0)",33.301651610693426,263.0,1.0,0.0,1.0,0.0
264,1,"((403, 285), (469, 351))","[((403, 285), (469, 351))]",2018-11-17 14:51:19,"(436.0, 318.0)",51.657526073167695,264.0,1.0,0.0,1.0,0.0
265,1,"((439, 297), (526, 384))","[((439, 297), (526, 384))]",2018-11-17 14:51:20,"(482.5, 340.5)",286.9442454554543,265.0,0.0,1.0,0.0,7.0
268,1,"((154, 254), (251, 351))","[((154, 254), (251, 351))]",2018-11-17 14:51:58,"(202.5, 302.5)",4.527692569068709,266.0,1.0,0.0,0.0,0.0
269,6,"((151, 256), (245, 350))","[((151, 253), (253, 355)), ((152, 253), (252, 353)), ((150, 252), (250, 352)), ((150, 253), (248, 351)), ((149, 253), (247, 351)), ((151, 256), (245, 350))]",2018-11-17 14:52:00,"(198.0, 303.0)",11.045361017187261,269.0,1.0,0.0,1.0,0.0
270,1,"((158, 253), (260, 355))","[((158, 253), (260, 355))]",2018-11-17 14:52:19,"(209.0, 304.0)",3.0,270.0,1.0,0.0,1.0,0.0
271,2,"((157, 255), (255, 353))","[((156, 255), (254, 353)), ((157, 255), (255, 353))]",2018-11-17 14:52:23,"(206.0, 304.0)",5.70087712549569,271.0,1.0,0.0,1.0,0.0
273,3,"((153, 259), (238, 344))","[((153, 256), (242, 345)), ((154, 257), (243, 346)), ((153, 259), (238, 344))]",2018-11-17 14:52:26,"(195.5, 301.5)",2.9154759474226504,272.0,1.0,0.0,2.0,0.0
275,3,"((153, 253), (252, 352))","[((152, 257), (242, 347)), ((155, 254), (256, 355)), ((153, 253), (252, 352))]",2018-11-17 14:52:31,"(202.5, 302.5)",3.5355339059327378,274.0,1.0,0.0,0.0,0.0
276,2,"((156, 259), (242, 345))","[((153, 254), (253, 354)), ((156, 259), (242, 345))]",2018-11-17 14:53:35,"(199.0, 302.0)",4.0,276.0,1.0,0.0,1.0,0.0
277,1,"((154, 261), (236, 343))","[((154, 261), (236, 343))]",2018-11-17 14:54:10,"(195.0, 302.0)",5.522680508593631,277.0,1.0,0.0,5.0,0.0
278,2,"((150, 252), (251, 353))","[((148, 253), (252, 357)), ((150, 252), (251, 353))]",2018-11-17 14:54:34,"(200.5, 302.5)",2.0,278.0,1.0,0.0,0.0,0.0
279,6,"((154, 254), (251, 351))","[((152, 256), (249, 353)), ((150, 252), (253, 355)), ((151, 252), (250, 351)), ((152, 253), (253, 354)), ((152, 252), (254, 354)), ((154, 254), (251, 351))]",2018-11-17 14:55:31,"(202.5, 302.5)",165.5294535724685,279.0,0.0,1.0,0.0,0.0
280,0,"((15, 243), (66, 294))","[((15, 243), (66, 294))]",2018-11-17 14:55:34,"(40.5, 268.5)",177.50070422395513,280.0,0.0,1.0,0.0,1.0
282,1,"((165, 260), (247, 342))","[((165, 260), (247, 342))]",2018-11-17 14:55:39,"(206.0, 301.0)",3.1622776601683795,281.0,1.0,0.0,1.0,0.0
283,3,"((160, 259), (246, 345))","[((166, 260), (251, 345)), ((169, 262), (252, 345)), ((160, 259), (246, 345))]",2018-11-17 14:55:59,"(203.0, 302.0)",156.55350523063993,283.0,0.0,1.0,0.0,3.0
284,0,"((335, 257), (381, 303))","[((320, 254), (362, 296)), ((335, 257), (381, 303))]",2018-11-17 14:57:03,"(358.0, 280.0)",176.2554963681984,284.0,0.0,1.0,0.0,0.0
285,0,"((154, 272), (212, 330))","[((191, 261), (226, 296)), ((177, 265), (221, 309)), ((161, 269), (213, 321)), ((154, 272), (212, 330))]",2018-11-17 14:57:03,"(183.0, 301.0)",202.44134953116668,285.0,0.0,1.0,0.0,0.0
286,0,"((359, 256), (410, 307))","[((359, 256), (410, 307))]",2018-11-17 14:57:06,"(384.5, 281.5)",238.32016280625524,286.0,0.0,1.0,0.0,6.0
287,0,"((112, 286), (188, 362))","[((112, 286), (188, 362))]",2018-11-17 14:57:08,"(150.0, 324.0)",54.37370688117557,287.0,1.0,0.0,1.0,0.0
288,1,"((150, 252), (249, 351))","[((150, 252), (249, 351))]",2018-11-17 14:57:45,"(199.5, 301.5)",1.5811388300841898,288.0,1.0,0.0,2.0,0.0
289,1,"((151, 255), (245, 349))","[((151, 255), (245, 349))]",2018-11-17 14:57:53,"(198.0, 302.0)",0.7071067811865476,289.0,1.0,0.0,4.0,0.0
290,1,"((153, 258), (242, 347))","[((153, 258), (242, 347))]",2018-11-17 14:59:21,"(197.5, 302.5)",0.0,290.0,1.0,0.0,0.0,0.0
292,1,"((147, 252), (254, 359))","[((147, 252), (254, 359))]",2018-11-17 14:59:33,"(200.5, 305.5)",2.8284271247461903,291.0,1.0,0.0,4.0,0.0
293,1,"((153, 254), (252, 353))","[((153, 254), (252, 353))]",2018-11-17 15:00:22,"(202.5, 303.5)",0.7071067811865476,293.0,1.0,0.0,0.0,0.0
294,1,"((153, 255), (251, 353))","[((153, 255), (251, 353))]",2018-11-17 15:00:45,"(202.0, 304.0)",1.5811388300841898,294.0,1.0,0.0,2.0,0.0
295,3,"((156, 259), (245, 348))","[((154, 257), (243, 346)), ((156, 254), (252, 350)), ((156, 259), (245, 348))]",2018-11-17 15:01:16,"(200.5, 303.5)",2.23606797749979,295.0,1.0,0.0,1.0,0.0
296,1,"((149, 255), (250, 356))","[((149, 255), (250, 356))]",2018-11-17 15:01:21,"(199.5, 305.5)",4.123105625617661,296.0,1.0,0.0,2.0,0.0
297,1,"((150, 251), (257, 358))","[((150, 251), (257, 358))]",2018-11-17 15:02:15,"(203.5, 304.5)",1.4142135623730951,297.0,1.0,0.0,6.0,0.0
298,1,"((149, 250), (256, 357))","[((149, 250), (256, 357))]",2018-11-17 15:03:21,"(202.5, 303.5)",282.1533271113421,298.0,0.0,1.0,0.0,0.0
299,2,"((445, 235), (521, 311))","[((425, 229), (487, 291)), ((445, 235), (521, 311))]",2018-11-17 15:06:47,"(483.0, 273.0)",82.09750300709517,299.0,1.0,0.0,2.0,0.0
300,1,"((516, 220), (614, 318))","[((516, 220), (614, 318))]",2018-11-17 15:06:49,"(565.0, 269.0)",367.39624385668395,300.0,0.0,1.0,0.0,0.0
302,1,"((150, 252), (256, 358))","[((150, 252), (256, 358))]",2018-11-17 15:08:13,"(203.0, 305.0)",2.23606797749979,301.0,1.0,0.0,3.0,0.0
303,1,"((152, 255), (250, 353))","[((152, 255), (250, 353))]",2018-11-17 15:10:32,"(201.0, 304.0)",8.0,303.0,1.0,0.0,0.0,0.0
304,1,"((161, 256), (257, 352))","[((161, 256), (257, 352))]",2018-11-17 15:10:46,"(209.0, 304.0)",2.5495097567963922,304.0,1.0,0.0,0.0,0.0
305,1,"((156, 253), (257, 354))","[((156, 253), (257, 354))]",2018-11-17 15:10:48,"(206.5, 303.5)",11.510864433221338,305.0,1.0,0.0,0.0,0.0
306,1,"((147, 255), (243, 351))","[((147, 255), (243, 351))]",2018-11-17 15:11:46,"(195.0, 303.0)",6.082762530298219,306.0,1.0,0.0,0.0,0.0
307,1,"((150, 253), (252, 355))","[((152, 255), (249, 352)), ((150, 253), (252, 355))]",2018-11-17 15:12:35,"(201.0, 304.0)",365.65694304908254,307.0,0.0,1.0,0.0,1.0
308,0,"((523, 373), (583, 433))","[((523, 373), (583, 433))]",2018-11-17 15:12:41,"(553.0, 403.0)",366.363890142028,308.0,0.0,1.0,0.0,1.0
309,0,"((168, 301), (221, 354))","[((168, 301), (221, 354))]",2018-11-17 15:14:49,"(194.5, 327.5)",45.96194077712559,309.0,1.0,0.0,1.0,0.0
310,0,"((150, 250), (216, 316))","[((150, 250), (216, 316))]",2018-11-17 15:16:04,"(183.0, 283.0)",37.02026472082554,310.0,1.0,0.0,3.0,0.0
311,0,"((110, 256), (185, 331))","[((110, 256), (185, 331))]",2018-11-17 15:16:05,"(147.5, 293.5)",399.9962499824217,311.0,0.0,1.0,0.0,0.0
312,0,"((518, 201), (565, 248))","[((518, 201), (565, 248))]",2018-11-17 15:16:38,"(541.5, 224.5)",30.528675044947494,312.0,1.0,0.0,1.0,0.0
313,0,"((542, 183), (593, 234))","[((542, 183), (593, 234))]",2018-11-17 15:16:39,"(567.5, 208.5)",150.08331019803634,313.0,0.0,1.0,0.0,1.0
314,0,"((516, 324), (583, 391))","[((516, 324), (583, 391))]",2018-11-17 15:16:40,"(549.5, 357.5)",244.6752950340512,314.0,0.0,1.0,0.0,3.0
315,0,"((298, 222), (359, 283))","[((298, 222), (359, 283))]",2018-11-17 15:17:23,"(328.5, 252.5)",137.99275343292487,315.0,0.0,1.0,0.0,1.0
317,1,"((150, 250), (254, 354))","[((150, 250), (254, 354))]",2018-11-17 15:17:51,"(202.0, 302.0)",4.301162633521313,316.0,1.0,0.0,1.0,0.0
318,2,"((154, 255), (243, 344))","[((153, 257), (242, 346)), ((154, 255), (243, 344))]",2018-11-17 15:17:52,"(198.5, 299.5)",7.615773105863909,318.0,1.0,0.0,1.0,0.0
319,2,"((161, 258), (250, 347))","[((164, 259), (247, 342)), ((161, 258), (250, 347))]",2018-11-17 15:18:54,"(205.5, 302.5)",28.0,319.0,1.0,0.0,2.0,0.0
320,1,"((199, 268), (268, 337))","[((201, 276), (259, 334)), ((199, 268), (268, 337))]",2018-11-17 15:20:02,"(233.5, 302.5)",126.92123541787639,320.0,0.0,1.0,0.0,1.0
321,0,"((332, 254), (385, 307))","[((362, 243), (397, 278)), ((355, 247), (392, 284)), ((332, 254), (385, 307))]",2018-11-17 15:20:11,"(358.5, 280.5)",157.26569873942634,321.0,0.0,1.0,0.0,2.0
322,1,"((152, 253), (254, 355))","[((152, 253), (254, 355))]",2018-11-17 15:20:28,"(203.0, 304.0)",185.64751546950473,322.0,0.0,1.0,0.0,0.0
323,0,"((352, 332), (408, 388))","[((352, 332), (408, 388))]",2018-11-17 15:20:33,"(380.0, 360.0)",100.12991560967181,323.0,1.0,0.0,1.0,0.0
325,2,"((149, 255), (248, 354))","[((148, 254), (250, 356)), ((149, 255), (248, 354))]",2018-11-17 15:20:41,"(198.5, 304.5)",2.23606797749979,324.0,1.0,0.0,1.0,0.0
326,1,"((147, 252), (254, 359))","[((147, 252), (254, 359))]",2018-11-17 15:20:43,"(200.5, 305.5)",6.4031242374328485,326.0,1.0,0.0,1.0,0.0
327,1,"((151, 257), (240, 346))","[((151, 257), (240, 346))]",2018-11-17 15:21:12,"(195.5, 301.5)",302.39378300487596,327.0,0.0,1.0,0.0,1.0
328,1,"((458, 364), (511, 417))","[((458, 364), (511, 417))]",2018-11-17 15:21:46,"(484.5, 390.5)",334.58108135398214,328.0,0.0,1.0,0.0,1.0
329,0,"((147, 261), (189, 303))","[((147, 261), (189, 303))]",2018-11-17 15:22:16,"(168.0, 282.0)",83.59724875855665,329.0,1.0,0.0,0.0,0.0
330,0,"((55, 265), (116, 326))","[((55, 265), (116, 326))]",2018-11-17 15:22:17,"(85.5, 295.5)",115.52488909321661,330.0,0.0,1.0,0.0,0.0
331,0,"((150, 256), (251, 357))","[((150, 256), (251, 357))]",2018-11-17 15:24:02,"(200.5, 306.5)",3.605551275463989,331.0,1.0,0.0,0.0,0.0
332,1,"((149, 250), (256, 357))","[((149, 250), (256, 357))]",2018-11-17 15:24:03,"(202.5, 303.5)",220.30206535572924,332.0,0.0,1.0,0.0,0.0
333,0,"((344, 266), (495, 417))","[((344, 266), (495, 417))]",2018-11-17 15:25:16,"(419.5, 341.5)",50.91659847240387,333.0,1.0,0.0,0.0,0.0
334,0,"((399, 249), (513, 363))","[((399, 249), (513, 363))]",2018-11-17 15:25:27,"(456.0, 306.0)",89.52373986826065,334.0,1.0,0.0,0.0,0.0
335,0,"((500, 248), (589, 337))","[((500, 248), (589, 337))]",2018-11-17 15:25:28,"(544.5, 292.5)",339.09438214160963,335.0,0.0,1.0,0.0,0.0
336,0,"((155, 250), (256, 351))","[((155, 250), (256, 351))]",2018-11-17 15:25:33,"(205.5, 300.5)",3.0,336.0,1.0,0.0,0.0,0.0
337,1,"((153, 251), (258, 356))","[((153, 251), (258, 356))]",2018-11-17 15:25:39,"(205.5, 303.5)",313.12936623702353,337.0,0.0,1.0,0.0,2.0
338,0,"((469, 185), (548, 264))","[((469, 185), (548, 264))]",2018-11-17 15:25:44,"(508.5, 224.5)",140.40655255364686,338.0,0.0,1.0,0.0,0.0
339,0,"((358, 252), (393, 287))","[((358, 252), (393, 287))]",2018-11-17 15:27:07,"(375.5, 269.5)",178.10109488714548,339.0,0.0,1.0,0.0,2.0
340,0,"((168, 234), (227, 293))","[((170, 239), (221, 290)), ((168, 234), (227, 293))]",2018-11-17 15:27:08,"(197.5, 263.5)",227.9001974549386,340.0,0.0,1.0,0.0,2.0
341,0,"((402, 254), (448, 300))","[((402, 254), (448, 300))]",2018-11-17 15:27:09,"(425.0, 277.0)",131.00381673829202,341.0,0.0,1.0,0.0,1.0
342,0,"((532, 252), (580, 300))","[((532, 252), (580, 300))]",2018-11-17 15:27:09,"(556.0, 276.0)",195.28568815968055,342.0,0.0,1.0,0.0,0.0
343,0,"((335, 232), (388, 285))","[((335, 232), (388, 285))]",2018-11-17 15:27:09,"(361.5, 258.5)",232.79282634995434,343.0,0.0,1.0,0.0,1.0
344,0,"((567, 257), (619, 309))","[((567, 257), (619, 309))]",2018-11-17 15:27:11,"(593.0, 283.0)",289.0925457357903,344.0,0.0,1.0,0.0,0.0
345,1,"((278, 275), (331, 328))","[((278, 275), (331, 328))]",2018-11-17 15:27:11,"(304.5, 301.5)",105.50118482747007,345.0,1.0,0.0,2.0,0.0
346,1,"((147, 250), (251, 354))","[((147, 250), (251, 354))]",2018-11-17 15:27:37,"(199.0, 302.0)",203.60378189021932,346.0,0.0,1.0,0.0,0.0
347,1,"((376, 269), (429, 322))","[((376, 269), (429, 322))]",2018-11-17 15:29:02,"(402.5, 295.5)",208.6348484793468,347.0,0.0,1.0,0.0,1.0
348,0,"((153, 262), (235, 344))","[((153, 262), (235, 344))]",2018-11-17 15:29:24,"(194.0, 303.0)",5.522680508593631,348.0,1.0,0.0,1.0,0.0
349,2,"((150, 253), (249, 352))","[((154, 256), (246, 348)), ((150, 253), (249, 352))]",2018-11-17 15:30:56,"(199.5, 302.5)",2.5495097567963922,349.0,1.0,0.0,1.0,0.0
350,1,"((149, 254), (245, 350))","[((149, 254), (245, 350))]",2018-11-17 15:30:58,"(197.0, 302.0)",9.617692030835672,350.0,1.0,0.0,0.0,0.0
352,2,"((151, 256), (240, 345))","[((152, 256), (244, 348)), ((151, 256), (240, 345))]",2018-11-17 15:32:13,"(195.5, 300.5)",4.949747468305833,351.0,1.0,0.0,0.0,0.0
353,1,"((148, 253), (250, 355))","[((148, 253), (250, 355))]",2018-11-17 15:32:46,"(199.0, 304.0)",399.9506219522605,353.0,0.0,1.0,0.0,0.0
354,0,"((569, 219), (620, 270))","[((569, 219), (620, 270))]",2018-11-17 15:33:00,"(594.5, 244.5)",402.91066007242847,354.0,0.0,1.0,0.0,1.0
356,0,"((362, 280), (478, 396))","[((362, 280), (478, 396))]",2018-11-17 15:33:24,"(420.0, 338.0)",4.123105625617661,355.0,1.0,0.0,0.0,0.0
357,0,"((373, 286), (475, 388))","[((373, 286), (475, 388))]",2018-11-17 15:33:44,"(424.0, 337.0)",210.81389897252978,357.0,0.0,1.0,0.0,0.0
358,0,"((198, 310), (229, 341))","[((198, 310), (229, 341))]",2018-11-17 15:34:40,"(213.5, 325.5)",258.6000773395089,358.0,0.0,1.0,0.0,0.0
359,0,"((443, 257), (494, 308))","[((265, 372), (334, 441)), ((420, 256), (468, 304)), ((443, 257), (494, 308))]",2018-11-17 15:34:45,"(468.5, 282.5)",54.33691194758863,359.0,1.0,0.0,0.0,0.0
360,0,"((492, 262), (552, 322))","[((492, 262), (552, 322))]",2018-11-17 15:34:48,"(522.0, 292.0)",51.63816418115578,360.0,1.0,0.0,1.0,0.0
361,1,"((465, 237), (504, 276))","[((465, 237), (504, 276))]",2018-11-17 15:34:49,"(484.5, 256.5)",85.31412544239085,361.0,1.0,0.0,0.0,0.0
362,0,"((539, 245), (597, 303))","[((539, 245), (597, 303))]",2018-11-17 15:34:50,"(568.0, 274.0)",372.5915994758873,362.0,0.0,1.0,0.0,0.0
363,2,"((148, 254), (245, 351))","[((149, 253), (249, 353)), ((148, 254), (245, 351))]",2018-11-17 15:36:16,"(196.5, 302.5)",3.8078865529319543,363.0,1.0,0.0,0.0,0.0
364,3,"((148, 252), (252, 356))","[((151, 254), (247, 350)), ((150, 255), (247, 352)), ((148, 252), (252, 356))]",2018-11-17 15:36:40,"(200.0, 304.0)",3.1622776601683795,364.0,1.0,0.0,0.0,0.0
365,3,"((150, 256), (244, 350))","[((151, 255), (246, 350)), ((151, 254), (247, 350)), ((150, 256), (244, 350))]",2018-11-17 15:36:48,"(197.0, 303.0)",1.5811388300841898,365.0,1.0,0.0,0.0,0.0
366,1,"((152, 257), (241, 346))","[((152, 257), (241, 346))]",2018-11-17 15:37:47,"(196.5, 301.5)",7.3824115301167,366.0,1.0,0.0,0.0,0.0
367,1,"((148, 250), (258, 360))","[((148, 250), (258, 360))]",2018-11-17 15:37:49,"(203.0, 305.0)",236.73297193251304,367.0,0.0,1.0,0.0,0.0
368,0,"((372, 412), (425, 465))","[((372, 412), (425, 465))]",2018-11-17 15:37:53,"(398.5, 438.5)",232.048486312667,368.0,0.0,1.0,0.0,1.0
369,1,"((150, 248), (266, 364))","[((150, 248), (266, 364))]",2018-11-17 15:38:51,"(208.0, 306.0)",12.083045973594572,369.0,1.0,0.0,1.0,0.0
370,1,"((154, 258), (240, 344))","[((154, 258), (240, 344))]",2018-11-17 15:38:52,"(197.0, 301.0)",223.78784596130328,370.0,0.0,1.0,0.0,1.0
371,1,"((339, 264), (495, 420))","[((339, 264), (495, 420))]",2018-11-17 15:39:00,"(417.0, 342.0)",217.34764779035453,371.0,0.0,1.0,0.0,0.0
373,2,"((152, 257), (241, 346))","[((150, 253), (249, 352)), ((152, 257), (241, 346))]",2018-11-17 15:39:07,"(196.5, 301.5)",2.23606797749979,372.0,1.0,0.0,2.0,0.0
374,1,"((154, 258), (243, 347))","[((154, 258), (243, 347))]",2018-11-17 15:40:23,"(198.5, 302.5)",363.9539806074389,374.0,0.0,1.0,0.0,1.0
375,2,"((544, 253), (578, 287))","[((528, 240), (576, 288)), ((535, 244), (578, 287)), ((536, 246), (580, 290)), ((538, 246), (584, 292)), ((542, 248), (586, 292)), ((544, 253), (578, 287))]",2018-11-17 15:40:36,"(561.0, 270.0)",358.07052377988333,375.0,0.0,1.0,0.0,3.0
376,1,"((160, 259), (249, 348))","[((160, 259), (249, 348))]",2018-11-17 15:40:52,"(204.5, 303.5)",5.70087712549569,376.0,1.0,0.0,0.0,0.0
377,1,"((151, 257), (247, 353))","[((151, 257), (247, 353))]",2018-11-17 15:41:06,"(199.0, 305.0)",5.1478150704935,377.0,1.0,0.0,1.0,0.0
378,1,"((152, 256), (241, 345))","[((152, 256), (241, 345))]",2018-11-17 15:41:55,"(196.5, 300.5)",240.92841260424225,378.0,0.0,1.0,0.0,0.0
379,0,"((376, 283), (492, 399))","[((376, 283), (492, 399))]",2018-11-17 15:42:35,"(434.0, 341.0)",59.00847396772772,379.0,1.0,0.0,1.0,0.0
380,0,"((351, 316), (399, 364))","[((351, 316), (399, 364))]",2018-11-17 15:42:36,"(375.0, 340.0)",172.19175357722565,380.0,0.0,1.0,0.0,0.0
381,1,"((148, 249), (264, 365))","[((148, 249), (264, 365))]",2018-11-17 15:42:42,"(206.0, 307.0)",5.1478150704935,381.0,1.0,0.0,0.0,0.0
382,1,"((147, 250), (256, 359))","[((147, 250), (256, 359))]",2018-11-17 15:43:34,"(201.5, 304.5)",113.98464808911768,382.0,0.0,1.0,0.0,0.0
383,0,"((59, 323), (175, 439))","[((59, 323), (175, 439))]",2018-11-17 15:44:03,"(117.0, 381.0)",290.10084453513747,383.0,0.0,1.0,0.0,0.0
384,1,"((351, 229), (408, 286))","[((351, 229), (408, 286))]",2018-11-17 15:45:06,"(379.5, 257.5)",79.40403012442127,384.0,1.0,0.0,0.0,0.0
385,0,"((417, 278), (470, 331))","[((417, 278), (470, 331))]",2018-11-17 15:46:41,"(443.5, 304.5)",39.05124837953327,385.0,1.0,0.0,1.0,0.0
386,0,"((377, 275), (432, 330))","[((377, 275), (432, 330))]",2018-11-17 15:46:42,"(404.5, 302.5)",64.38167441127949,386.0,1.0,0.0,0.0,0.0
387,0,"((314, 269), (367, 322))","[((314, 269), (367, 322))]",2018-11-17 15:46:43,"(340.5, 295.5)",208.09733299588441,387.0,0.0,1.0,0.0,2.0
388,0,"((113, 315), (161, 363))","[((113, 315), (161, 363))]",2018-11-17 15:46:51,"(137.0, 339.0)",73.74618634207467,388.0,1.0,0.0,3.0,0.0
389,1,"((156, 257), (245, 346))","[((156, 257), (245, 346))]",2018-11-17 15:47:58,"(200.5, 301.5)",2.9154759474226504,389.0,1.0,0.0,3.0,0.0
390,3,"((150, 252), (254, 356))","[((152, 257), (244, 349)), ((152, 254), (253, 355)), ((150, 252), (254, 356))]",2018-11-17 15:48:13,"(202.0, 304.0)",27.613402542968153,390.0,1.0,0.0,1.0,0.0
391,0,"((123, 195), (336, 408))","[((123, 195), (336, 408))]",2018-11-17 15:48:26,"(229.5, 301.5)",10.51189802081432,391.0,1.0,0.0,1.0,0.0
392,0,"((176, 259), (262, 345))","[((176, 259), (262, 345))]",2018-11-17 15:48:28,"(219.0, 302.0)",19.6596032513375,392.0,1.0,0.0,0.0,0.0
394,1,"((154, 255), (247, 348))","[((154, 255), (247, 348))]",2018-11-17 15:49:49,"(200.5, 301.5)",5.656854249492381,393.0,1.0,0.0,1.0,0.0
395,1,"((146, 247), (263, 364))","[((146, 247), (263, 364))]",2018-11-17 15:51:48,"(204.5, 305.5)",3.5355339059327378,395.0,1.0,0.0,1.0,0.0
396,1,"((153, 257), (249, 353))","[((153, 257), (249, 353))]",2018-11-17 15:52:16,"(201.0, 305.0)",35.6931365951495,396.0,1.0,0.0,1.0,0.0
397,0,"((170, 246), (218, 294))","[((170, 246), (218, 294))]",2018-11-17 15:52:29,"(194.0, 270.0)",117.881296226331,397.0,0.0,1.0,0.0,3.0
398,2,"((250, 242), (366, 358))","[((281, 242), (359, 320)), ((250, 242), (366, 358))]",2018-11-17 15:52:30,"(308.0, 300.0)",141.4213562373095,398.0,0.0,1.0,0.0,0.0
399,0,"((141, 253), (195, 307))","[((141, 253), (195, 307))]",2018-11-17 15:52:30,"(168.0, 280.0)",12.083045973594572,399.0,1.0,0.0,1.0,0.0
400,0,"((59, 187), (255, 383))","[((59, 187), (255, 383))]",2018-11-17 15:52:32,"(157.0, 285.0)",44.384682042344295,400.0,1.0,0.0,2.0,0.0
401,1,"((151, 255), (245, 349))","[((151, 255), (245, 349))]",2018-11-17 15:53:33,"(198.0, 302.0)",84.54880247525686,401.0,1.0,0.0,1.0,0.0
402,1,"((182, 350), (251, 419))","[((182, 350), (251, 419))]",2018-11-17 15:54:00,"(216.5, 384.5)",78.00640999302557,402.0,1.0,0.0,1.0,0.0
403,5,"((162, 253), (269, 360))","[((149, 250), (256, 357)), ((154, 252), (256, 354)), ((158, 252), (257, 351)), ((156, 246), (272, 362)), ((162, 253), (269, 360))]",2018-11-17 15:55:49,"(215.5, 306.5)",10.606601717798213,403.0,1.0,0.0,1.0,0.0
404,2,"((152, 252), (258, 358))","[((152, 256), (244, 348)), ((152, 252), (258, 358))]",2018-11-17 15:56:02,"(205.0, 305.0)",10.295630140987,404.0,1.0,0.0,0.0,0.0
405,0,"((147, 251), (245, 349))","[((147, 251), (245, 349))]",2018-11-17 15:56:27,"(196.0, 300.0)",8.74642784226795,405.0,1.0,0.0,0.0,0.0
406,6,"((151, 252), (256, 357))","[((152, 254), (246, 348)), ((152, 256), (241, 345)), ((154, 255), (243, 344)), ((151, 252), (252, 353)), ((152, 256), (243, 347)), ((151, 252), (256, 357))]",2018-11-17 15:57:23,"(203.5, 304.5)",2.9154759474226504,406.0,1.0,0.0,1.0,0.0
407,1,"((153, 255), (249, 351))","[((153, 255), (249, 351))]",2018-11-17 15:58:02,"(201.0, 303.0)",3.5355339059327378,407.0,1.0,0.0,1.0,0.0
408,2,"((154, 253), (255, 354))","[((152, 252), (253, 353)), ((154, 253), (255, 354))]",2018-11-17 15:58:33,"(204.5, 303.5)",6.082762530298219,408.0,1.0,0.0,0.0,0.0
409,3,"((150, 256), (247, 353))","[((150, 255), (244, 349)), ((148, 252), (250, 354)), ((150, 256), (247, 353))]",2018-11-17 15:58:49,"(198.5, 304.5)",19.026297590440446,409.0,1.0,0.0,1.0,0.0
410,1,"((170, 256), (265, 351))","[((170, 256), (265, 351))]",2018-11-17 15:58:54,"(217.5, 303.5)",66.73080248281148,410.0,1.0,0.0,0.0,0.0
